,Supplier_Lead_Time,Inventory_Levels,Order_Frequency,Delivery_Performance,Cost_Per_Unit
Supplier_Lead_Time,1.0,0.27409812298017927,-0.8989062641848701,-0.9048530132180873,0.9615202702397867
Inventory_Levels,0.27409812298017927,1.0,-0.318671623960671,-0.26754979489328856,0.28401191234843004
Order_Frequency,-0.8989062641848701,-0.318671623960671,1.0,0.8532431374132005,-0.8704461100316572
Delivery_Performance,-0.9048530132180873,-0.26754979489328856,0.8532431374132005,1.0,-0.8927216693674818
Cost_Per_Unit,0.9615202702397867,0.28401191234843004,-0.8704461100316572,-0.8927216693674818,1.0
